8476,You Can Smell Hillaryâ€™s Fear
10294,Watch The Exact Moment Paul Ryan Committed Political Suicide At A Trump Rally (VIDEO)
3608,Kerry to go to Paris in gesture of sympathy
10142,Bernie supporters on Twitter erupt in anger against the DNC: 'We tried to warn you!'
875,The Battle of New York: Why This Primary Matters
6903,"Tehran, USA"
7341,Girl Horrified At What She Watches Boyfriend Do After He Left FaceTime On
95,â€˜Britainâ€™s Schindlerâ€™ Dies at 106
4869,Fact check: Trump and Clinton at the 'commander-in-chief' forum
2909,Iran reportedly makes new push for uranium concessions in nuclear talks
1357,"With all three Clintons in Iowa, a glimpse at the fire that has eluded Hillary Clintonâ€™s campaign"
988,Donald Trumpâ€™s Shockingly Weak Delegate Game Somehow Got Even Worse
7041,"Strong Solar Storm, Tech Risks Today | S0 News Oct.26.2016 [VIDEO]"
7623,10 Ways America Is Preparing for World War 3
1571,"Trump takes on Cruz, but lightly"
4739,How women lead differently
7737,Shocking! Michele Obama & Hillary Caught Glamorizing Date Rape Promoters
8716,Hillary Clinton in HUGE Trouble After America Noticed SICK Thing Hidden in this Picture... * LIBERTY WRITERS NEWS
3304,What's in that Iran bill that Obama doesn't like?
3078,The 1 chart that explains everything you need to know about partisanship in America
2517,The slippery slope to Trumpâ€™s proposed ban on Muslims
10348,Episode #160 â€“ SUNDAY WIRE: â€˜Hail to the Deplorablesâ€™ with special guest Randy J
778,Hillary Clinton Makes A Bipartisan Appeal on Staten Island
3300,New Senate majority leaderâ€™s main goal for GOP: Donâ€™t be scary
6155,â€˜Infernoâ€™ and the Overpopulation Myth
636,Anti-Trump forces seek last-ditch delegate revolt
755,Sanders Trounces Clinton in W. Va. -- But Will It Make a Difference?
626,Donald Trump Is Changing His Campaign Slogan to Prove Heâ€™s Not Racist
691,Pure chaos: Donald Trumpâ€™s campaign management offers a glimpse into his governing style (spoiler alert: itâ€™s terrible)
5743,"Syrian War Report â€“ November 1, 2016: Syrian Military Deploys Advanced T-90 Battle Tanks to Aleppo"
1787,GOP insiders: Carly crushed it
7808,Jeffrey Sewell et al. : Metabiology face to face with Artificial Intelligence [VIDEO]
6484,Why Itâ€™s Necessary To Relax Into A Stretch
7385,"Brexit Encourages UK to Trade With Non-EU States, Including Russia"
9016,"2016 interview with Socrates: Another day of Life in the Empire! Are we near an endgame, or fools to ever â€˜hope for changeâ€™? (6 of ?)"
9324,Mike Pence Drapes Shawl Over Immodest Lady Justice Statue - The Onion - America's Finest News Source
8983,First Ever Hindu Woman Elected into Congress
8965,Donald Groped Hillary in 2005! Trump and Weiner Sext Each Other!
5580,Ex-Assistant FBI Director: Clintons Are a Crime Family
9757,Hillary Wants Aggressively Interventionist Foreign Policy
1967,Both parties want to craft populist messages for 2016
431,First Take: Wall Street bids goodbye to June hike
5955,Real Disclosure! Secret Alien Base Found In Moon's Tycho Crater
7455,Homeless Woman Protects Trumpâ€™s Walk of Fame Star From Violent Leftists
5224,"With 3:20 a.m. tweet storm Saturday, Clinton continues to mock Trumpâ€™s Friday â€˜meltdownâ€™"
7793,220 â€˜Significantâ€™ Pipeline Spills Already This Year Exposes Troubling Safety Record
2777,Obama makes the right call to tough it out in Afghanistan
587,Senate race rankings: Dems attack as GOP lays swing-state groundwork
9403,â€˜He didnâ€™t know the boy didnâ€™t want to be rapedâ€™ â€“ court throws out Muslim migrant child sex charge and Germans are in shock
5931,Pieczenik â€œRogue FBI Agents and Wikileaks are Spearheading a Movement to Stop the Clintons from Stealing the White Houseâ€ â€“ TruthFeed
3027,American politics has reached peak polarization
4377,Anti-Muhammad cartoon contest: Free speech or deliberately provocative? (+video)
5937,"3 Effects of Substance Abuse on Individual, Family and Community"
7277,Tree Shaped Vertical Farms That Grow 24 Acres Of Urban Crops
5521,New Comment Features have been Added
3627,World's newspapers react to 'Hebdo' attack
9360,Ying and Yang (the Gold and Silver Set-Up)
909,"Closed primaries, 'warped' democracy?"
6646,Police Turn In Badges Rather Than Incite Violence Against Standing Rock Protestors
1522,Donald Trump: Hillary Clinton has 'caused tremendous death'
7540,Detroit womenâ€™s Halloween decorations depict â€˜real-life horrorsâ€™ â€¦ such as shootings police by police
1834,Biden makes another surprise political stop
